{
  "List": [
    {
      "name": "333",
      "phone": "333",
      "sex": "女",
      "address": "36346",
      "id": "3"
    },
    {
      "name": "34534",
      "phone": "43534",
      "sex": "女",
      "address": "3543",
      "id": "4"
    },
    {
      "name": "345345",
      "phone": "4353453",
      "sex": "男",
      "address": "354353455",
      "id": "5"
    },
    {
      "name": "违反",
      "phone": "谁否",
      "sex": "男",
      "address": "士大夫但是",
      "id": "6"
    },
    {
      "name": "违反",
      "phone": "谁否",
      "sex": "女",
      "address": "士大夫但是",
      "id": "7"
    },
    {
      "name": "违反",
      "phone": "谁否",
      "sex": "男",
      "address": "士大夫但是",
      "id": "8"
    },
    {
      "name": "违反",
      "phone": "谁否",
      "sex": "女",
      "address": "士大夫但是",
      "id": "9"
    },
    {
      "name": "pp",
      "phone": "1",
      "sex": "男",
      "address": "wss",
      "id": "10"
    },
    {
      "name": "22",
      "phone": "3432",
      "sex": "男",
      "address": "34T5E4RSGTF\\D",
      "id": "11"
    },
    {
      "name": "22",
      "phone": "3432",
      "sex": "女",
      "address": "34T5E4RSGTF\\D",
      "id": "12"
    },
    {
      "name": "22",
      "phone": "3432",
      "sex": "女",
      "address": "34T5E4RSGTF\\D",
      "id": "13"
    },
    {
      "name": "FDG",
      "phone": "3432",
      "sex": "女",
      "address": "34T5E4RSGTF\\D",
      "id": "14"
    },
    {
      "name": "DSFSD",
      "phone": "SDF",
      "sex": "男",
      "address": "SDFSD",
      "id": "15"
    },
    {
      "name": "张三",
      "phone": "邱琦雯",
      "sex": "男",
      "address": "无情的",
      "id": "16"
    },
    {
      "name": "撒旦",
      "phone": "撒反对",
      "sex": "男",
      "address": "多犯规、",
      "id": "18"
    }
  ],
  "navList": [
    {
      "navid": 1,
      "title": "嗨购超市",
      "imgurl": "https://m.360buyimg.com/mobilecms/s120x120_jfs/t1/125678/35/5947/4868/5efbf28cEbf04a25a/e2bcc411170524f0.png",
      "id": "43dc"
    },
    {
      "navid": 2,
      "title": "数码电器",
      "imgurl": "https://m.360buyimg.com/mobilecms/s120x120_jfs/t1/178015/31/13828/6862/60ec0c04Ee2fd63ac/ccf74d805a059a44.png!q70.jpg",
      "id": "8189"
    },
    {
      "navid": 3,
      "title": "嗨购服饰",
      "imgurl": "https://m.360buyimg.com/mobilecms/s120x120_jfs/t1/41867/2/15966/7116/60ec0e0dE9f50d596/758babcb4f911bf4.png!q70.jpg",
      "id": "7b9c"
    },
    {
      "navid": 4,
      "title": "嗨购生鲜",
      "imgurl": "https://m.360buyimg.com/mobilecms/s120x120_jfs/t1/177902/16/13776/5658/60ec0e71E801087f2/a0d5a68bf1461e6d.png!q70.jpg.dpg",
      "id": "0abc"
    },
    {
      "navid": 5,
      "title": "嗨购到家",
      "imgurl": "https://m.360buyimg.com/mobilecms/s120x120_jfs/t1/196472/7/12807/7127/60ec0ea3Efe11835b/37c65625d94cae75.png!q70.jpg.dpg",
      "id": "7ed0"
    },
    {
      "navid": 6,
      "title": "充值缴费",
      "imgurl": "https://m.360buyimg.com/mobilecms/s120x120_jfs/t1/185733/21/13527/6648/60ec0f31E0fea3e0a/d86d463521140bb6.png!q70.jpg.dpg",
      "id": "d35f"
    },
    {
      "navid": 7,
      "title": "9.9元拼",
      "imgurl": "https://m.360buyimg.com/mobilecms/s120x120_jfs/t1/36069/14/16068/6465/60ec0f67E155f9488/595ff3e606a53f02.png!q70.jpg.dpg",
      "id": "d992"
    },
    {
      "navid": 8,
      "title": "领券",
      "imgurl": "https://m.360buyimg.com/mobilecms/s120x120_jfs/t1/186080/16/13681/8175/60ec0fcdE032af6cf/c5acd2f8454c40e1.png!q70.jpg.dpg",
      "id": "bab1"
    },
    {
      "navid": 9,
      "title": "领金贴",
      "imgurl": "https://m.360buyimg.com/mobilecms/s120x120_jfs/t1/196711/35/12751/6996/60ec1000E21b5bab4/38077313cb9eac4b.png!q70.jpg.dpg",
      "id": "22e1"
    },
    {
      "navid": 10,
      "title": "plus会员",
      "imgurl": "https://m.360buyimg.com/mobilecms/s120x120_jfs/t1/37709/6/15279/6118/60ec1046E4b5592c6/a7d6b66354efb141.png!q70.jpg.dpg",
      "id": "ec0a"
    }
  ]
}